{"stats":{"minecraft:killed":{"minecraft:husk":2,"alexsmobs:lobster":1,"born_in_chaos_v1:restless_spirit":1,"minecraft:spider":1,"alexsmobs:rattlesnake":2,"born_in_chaos_v1:decrepit_skeleton":1,"minecraft:sheep":4,"minecraft:skeleton":1,"minecraft:zombie":1,"alexsmobs:gazelle":1,"undead:themoonflower":1,"minecraft:cow":5},"minecraft:killed_by":{"minecraft:husk":2,"born_in_chaos_v1:bonescaller":1,"undead:thesnatcher":1,"minecraft:creeper":1,"born_in_chaos_v1:wither_strider":1,"born_in_chaos_v1:dread_hound":3,"minecraft:vex":2},"minecraft:dropped":{"minecraft:purple_terracotta":2,"minecraft:wheat_seeds":2,"iceandfire:copper_nugget":50,"minecraft:stone_pressure_plate":1},"minecraft:used":{"vanillahammers:stone_hammer":22,"minecraft:wheat_seeds":3,"minecraft:rose_bush":1,"minecraft:iron_shovel":41,"minecraft:smooth_sandstone_slab":1,"minecraft:wooden_pickaxe":58,"minecraft:sandstone":38,"minecraft:cut_sandstone":5,"minecraft:iron_sword":62,"minecraft:orange_bed":4,"minecraft:sand":3,"minecraft:mutton":4,"minecraft:dirt":29,"artifacts:umbrella":17,"minecraft:crafting_table":2,"born_in_chaos_v1:smoked_flesh":1,"minecraft:wooden_axe":57,"sophisticatedbackpacks:backpack":1,"alexsmobs:lobster_tail":1,"minecraft:string":2,"minecraft:bread":10,"tombstone:grave_key":1,"minecraft:cobblestone":103,"minecraft:beef":2,"minecraft:furnace":2,"tombstone:gift":2,"alexsmobs:animal_dictionary":2,"minecraft:egg":5,"minecraft:cooked_beef":1,"minecraft:golden_pickaxe":46},"minecraft:crafted":{"minecraft:cooked_beef":7,"minecraft:coal_block":2,"minecraft:oak_planks":64,"sophisticatedbackpacks:backpack":1,"minecraft:crafting_table":1,"minecraft:wooden_pickaxe":1,"minecraft:furnace":2,"minecraft:stone":2,"minecraft:air":0,"vanillahammers:stone_hammer":1,"tombstone:grave_key":8,"minecraft:stick":12,"minecraft:iron_ingot":17,"minecraft:wooden_axe":1,"minecraft:iron_shovel":1,"minecraft:chest":1},"minecraft:broken":{"minecraft:golden_pickaxe":1,"minecraft:wooden_axe":1,"minecraft:wooden_pickaxe":1},"minecraft:custom":{"minecraft:interact_with_furnace":10,"minecraft:mob_kills":21,"minecraft:interact_with_crafting_table":12,"minecraft:open_barrel":5,"minecraft:play_one_minute":246284,"minecraft:bell_ring":46,"minecraft:damage_dealt_resisted":212,"minecraft:leave_game":25,"minecraft:time_since_death":31860,"minecraft:sleep_in_bed":7,"minecraft:time_since_rest":31801,"minecraft:sprint_one_cm":330800,"minecraft:damage_taken":3200,"minecraft:walk_one_cm":298859,"minecraft:damage_blocked_by_shield":390,"minecraft:drop":55,"minecraft:damage_dealt":3869,"minecraft:swim_one_cm":23659,"minecraft:open_chest":44,"minecraft:talked_to_villager":1,"minecraft:fly_one_cm":508023,"minecraft:crouch_one_cm":407,"tombstone:undead_killed":6,"minecraft:deaths":11,"minecraft:sneak_time":151,"minecraft:walk_under_water_one_cm":2645,"minecraft:jump":2129,"minecraft:walk_on_water_one_cm":6404,"minecraft:fall_one_cm":60086},"minecraft:mined":{"minecraft:cut_sandstone":8,"minecraft:stone_pressure_plate":2,"minecraft:soul_sand":1,"iceandfire:copper_pile":6,"minecraft:orange_terracotta":1,"paraglider:rito_goddess_statue":1,"minecraft:dandelion":13,"minecraft:crafting_table":1,"minecraft:granite":2,"minecraft:oak_wood":1,"minecraft:grass_block":36,"minecraft:rose_bush":1,"minecraft:dead_bush":2,"minecraft:soul_soil":1,"minecraft:tall_grass":36,"minecraft:smooth_sandstone_slab":5,"minecraft:diorite":7,"minecraft:sandstone":26,"minecraft:spawner":5,"minecraft:hay_block":1,"graveyard:tg_moss_block":1,"minecraft:iron_ore":24,"minecraft:wheat":4,"minecraft:chiseled_sandstone":1,"minecraft:tnt":4,"minecraft:grass_path":1,"minecraft:grass":125,"minecraft:coal_ore":20,"minecraft:oak_log":16,"minecraft:sunflower":1,"minecraft:sand":13,"minecraft:dirt":46,"minecraft:smooth_sandstone_stairs":7,"minecraft:stone":137,"sophisticatedbackpacks:backpack":1,"minecraft:tripwire":1,"minecraft:oak_leaves":4,"minecraft:orange_bed":4},"minecraft:picked_up":{"minecraft:crafting_table":1,"minecraft:cut_sandstone":11,"minecraft:leather":4,"paraglider:spirit_orb":20,"minecraft:smooth_sandstone_stairs":5,"minecraft:oak_log":16,"minecraft:dirt":83,"minecraft:string":3,"minecraft:soul_soil":1,"minecraft:orange_terracotta":1,"minecraft:bone":4,"minecraft:wheat_seeds":15,"paraglider:rito_goddess_statue":1,"minecraft:iron_ingot":5,"minecraft:beef":9,"minecraft:iron_ore":22,"minecraft:rose_bush":1,"minecraft:coal_block":1,"minecraft:soul_sand":1,"minecraft:phantom_membrane":1,"minecraft:egg":6,"iceandfire:copper_nugget":100,"minecraft:sandstone":33,"iceandfire:dragonbone":13,"born_in_chaos_v1:ethereal_spirit":1,"minecraft:dandelion":13,"sophisticatedbackpacks:backpack":1,"minecraft:sand":18,"iceandfire:dragon_skull_fire":2,"tombstone:grave_dust":3,"minecraft:diorite":7,"minecraft:chiseled_sandstone":1,"minecraft:stone_pressure_plate":2,"minecraft:purple_terracotta":2,"minecraft:cut_red_sandstone":1,"minecraft:smooth_sandstone_slab":4,"minecraft:orange_bed":5,"minecraft:rotten_flesh":13,"minecraft:hay_block":1,"alexsmobs:rattlesnake_rattle":2,"minecraft:granite":2,"minecraft:mutton":4,"forbidden_arcanus:spawner_scrap":4,"minecraft:coal":20,"alexsmobs:lobster_tail":1,"minecraft:white_wool":4,"minecraft:cobblestone":127,"minecraft:sunflower":1}},"DataVersion":2586}