{"stats":{"minecraft:crafted":{"minecraft:cooked_beef":1,"minecraft:oak_planks":40,"minecraft:crafting_table":1,"minecraft:stick":4,"minecraft:wooden_pickaxe":1,"minecraft:wooden_axe":1,"minecraft:chest":1,"minecraft:furnace":1,"minecraft:air":0},"minecraft:mined":{"iceandfire:copper_pile":6,"paraglider:rito_goddess_statue":1,"minecraft:dandelion":13,"minecraft:grass":60,"minecraft:grass_block":10,"minecraft:oak_log":10,"minecraft:dead_bush":1,"minecraft:dirt":24,"minecraft:tall_grass":22,"minecraft:stone":12,"minecraft:oak_leaves":2,"minecraft:orange_bed":2},"minecraft:used":{"minecraft:wooden_axe":45,"alexsmobs:lobster_tail":1,"minecraft:bread":10,"minecraft:wooden_pickaxe":15,"minecraft:orange_bed":2,"minecraft:dirt":23,"minecraft:crafting_table":1,"minecraft:furnace":1,"tombstone:gift":2,"alexsmobs:animal_dictionary":2,"minecraft:egg":5,"minecraft:cooked_beef":1},"minecraft:picked_up":{"iceandfire:copper_nugget":100,"iceandfire:dragonbone":13,"minecraft:leather":3,"minecraft:dandelion":13,"iceandfire:dragon_skull_fire":2,"minecraft:oak_log":10,"minecraft:dirt":34,"minecraft:orange_bed":2,"minecraft:rotten_flesh":7,"paraglider:rito_goddess_statue":1,"minecraft:wheat_seeds":7,"alexsmobs:rattlesnake_rattle":2,"minecraft:beef":7,"alexsmobs:lobster_tail":1,"minecraft:mutton":4,"minecraft:white_wool":4,"minecraft:cobblestone":12,"minecraft:egg":6},"minecraft:dropped":{"iceandfire:copper_nugget":50},"minecraft:custom":{"minecraft:time_since_rest":13779,"minecraft:interact_with_furnace":2,"minecraft:sprint_one_cm":143810,"minecraft:damage_taken":815,"minecraft:walk_one_cm":90202,"minecraft:mob_kills":13,"minecraft:drop":50,"minecraft:damage_dealt":1423,"minecraft:swim_one_cm":12034,"minecraft:interact_with_crafting_table":5,"minecraft:fly_one_cm":235915,"minecraft:open_chest":6,"minecraft:play_one_minute":117509,"tombstone:undead_killed":2,"minecraft:deaths":1,"minecraft:sneak_time":7,"minecraft:walk_under_water_one_cm":2055,"minecraft:jump":936,"minecraft:leave_game":6,"minecraft:walk_on_water_one_cm":2612,"minecraft:time_since_death":36481,"minecraft:sleep_in_bed":3,"minecraft:fall_one_cm":30892},"minecraft:killed":{"minecraft:sheep":4,"alexsmobs:lobster":1,"minecraft:zombie":1,"undead:themoonflower":1,"alexsmobs:rattlesnake":2,"minecraft:cow":4},"minecraft:killed_by":{"born_in_chaos_v1:dread_hound":1}},"DataVersion":2586}