{"stats":{"minecraft:mined":{"minecraft:cut_sandstone":2,"minecraft:stone_pressure_plate":1,"iceandfire:copper_pile":6,"minecraft:orange_terracotta":1,"paraglider:rito_goddess_statue":1,"minecraft:dandelion":13,"minecraft:grass_block":10,"minecraft:dead_bush":2,"minecraft:tall_grass":22,"minecraft:sandstone":15,"minecraft:chiseled_sandstone":1,"minecraft:grass":60,"minecraft:oak_log":10,"minecraft:sand":3,"minecraft:dirt":24,"minecraft:stone":12,"minecraft:oak_leaves":2,"minecraft:orange_bed":2},"minecraft:custom":{"minecraft:interact_with_furnace":2,"minecraft:mob_kills":13,"minecraft:interact_with_crafting_table":5,"minecraft:play_one_minute":123431,"minecraft:leave_game":7,"minecraft:time_since_death":42403,"minecraft:sleep_in_bed":3,"minecraft:time_since_rest":19701,"minecraft:sprint_one_cm":144705,"minecraft:damage_taken":865,"minecraft:walk_one_cm":106418,"minecraft:drop":50,"minecraft:damage_dealt":1423,"minecraft:swim_one_cm":12034,"minecraft:fly_one_cm":238550,"minecraft:open_chest":11,"minecraft:crouch_one_cm":84,"tombstone:undead_killed":2,"minecraft:deaths":1,"minecraft:sneak_time":29,"minecraft:walk_under_water_one_cm":2055,"minecraft:jump":972,"minecraft:walk_on_water_one_cm":2612,"minecraft:fall_one_cm":31101},"minecraft:dropped":{"iceandfire:copper_nugget":50},"minecraft:crafted":{"minecraft:cooked_beef":1,"minecraft:oak_planks":40,"minecraft:crafting_table":1,"minecraft:wooden_pickaxe":1,"minecraft:furnace":1,"minecraft:air":0,"minecraft:stick":4,"minecraft:wooden_axe":1,"minecraft:chest":1},"minecraft:picked_up":{"minecraft:leather":3,"minecraft:cut_sandstone":2,"minecraft:oak_log":10,"minecraft:dirt":34,"minecraft:orange_terracotta":1,"paraglider:rito_goddess_statue":1,"minecraft:wheat_seeds":7,"minecraft:beef":7,"minecraft:egg":6,"iceandfire:copper_nugget":100,"minecraft:sandstone":13,"iceandfire:dragonbone":13,"minecraft:dandelion":13,"iceandfire:dragon_skull_fire":2,"minecraft:sand":3,"minecraft:chiseled_sandstone":1,"minecraft:stone_pressure_plate":1,"minecraft:orange_bed":2,"minecraft:rotten_flesh":7,"alexsmobs:rattlesnake_rattle":2,"minecraft:mutton":4,"alexsmobs:lobster_tail":1,"minecraft:white_wool":4,"minecraft:cobblestone":12},"minecraft:used":{"minecraft:wooden_pickaxe":39,"minecraft:sandstone":9,"minecraft:cut_sandstone":2,"minecraft:orange_bed":2,"minecraft:dirt":23,"minecraft:crafting_table":1,"minecraft:wooden_axe":45,"alexsmobs:lobster_tail":1,"minecraft:bread":10,"minecraft:furnace":1,"tombstone:gift":2,"alexsmobs:animal_dictionary":2,"minecraft:egg":5,"minecraft:cooked_beef":1},"minecraft:killed":{"alexsmobs:lobster":1,"alexsmobs:rattlesnake":2,"minecraft:sheep":4,"minecraft:zombie":1,"undead:themoonflower":1,"minecraft:cow":4},"minecraft:killed_by":{"born_in_chaos_v1:dread_hound":1}},"DataVersion":2586}