{"stats":{"minecraft:killed_by":{"minecraft:husk":2,"undead:thesnatcher":1,"minecraft:creeper":1,"born_in_chaos_v1:wither_strider":1,"born_in_chaos_v1:bonescaller":1,"born_in_chaos_v1:dread_hound":4,"minecraft:vex":2},"minecraft:broken":{"minecraft:wooden_pickaxe":1,"minecraft:golden_pickaxe":1,"minecraft:wooden_axe":1},"minecraft:mined":{"minecraft:stone_pressure_plate":2,"iceandfire:copper_pile":6,"paraglider:rito_goddess_statue":1,"minecraft:granite":2,"minecraft:grass_block":37,"minecraft:soul_soil":1,"minecraft:sandstone":26,"minecraft:spawner":5,"minecraft:hay_block":1,"graveyard:tg_moss_block":2,"minecraft:iron_ore":24,"minecraft:chiseled_sandstone":1,"minecraft:smooth_sandstone_stairs":7,"minecraft:stone":137,"sophisticatedbackpacks:backpack":1,"minecraft:tripwire":1,"minecraft:orange_bed":4,"minecraft:cut_sandstone":8,"minecraft:soul_sand":1,"minecraft:orange_terracotta":1,"minecraft:dandelion":13,"minecraft:crafting_table":1,"minecraft:oak_wood":1,"minecraft:dead_bush":2,"minecraft:rose_bush":1,"minecraft:tall_grass":44,"graveyard:tg_grass_block":2,"minecraft:diorite":7,"minecraft:smooth_sandstone_slab":5,"minecraft:wheat":4,"minecraft:orange_tulip":1,"graveyard:moss_block":1,"minecraft:tnt":4,"minecraft:grass_path":1,"minecraft:grass":151,"minecraft:oak_log":16,"minecraft:coal_ore":20,"minecraft:sunflower":1,"minecraft:sand":13,"minecraft:dirt":55,"minecraft:oak_leaves":4},"minecraft:killed":{"alexsmobs:lobster":1,"born_in_chaos_v1:restless_spirit":1,"minecraft:spider":1,"alexsmobs:rattlesnake":2,"minecraft:skeleton":1,"minecraft:chicken":1,"undead:themoonflower":1,"minecraft:husk":2,"born_in_chaos_v1:decrepit_skeleton":1,"minecraft:sheep":8,"minecraft:zombie":1,"born_in_chaos_v1:dread_hound":4,"alexsmobs:gazelle":1,"born_in_chaos_v1:baby_skkl":1,"minecraft:cow":5},"minecraft:dropped":{"minecraft:purple_terracotta":2,"minecraft:wheat_seeds":11,"minecraft:feather":1,"iceandfire:copper_nugget":50,"graveyard:moss_block":1,"minecraft:stone_pressure_plate":1,"minecraft:blue_orchid":1},"minecraft:picked_up":{"minecraft:crafting_table":1,"minecraft:chicken":1,"minecraft:string":3,"minecraft:soul_soil":1,"minecraft:blue_orchid":1,"paraglider:rito_goddess_statue":1,"minecraft:beef":9,"minecraft:rose_bush":1,"minecraft:light_gray_wool":1,"minecraft:coal_block":1,"minecraft:phantom_membrane":1,"minecraft:egg":7,"iceandfire:dragonbone":13,"minecraft:sandstone":33,"sophisticatedbackpacks:backpack":1,"tombstone:grave_dust":3,"minecraft:diorite":7,"minecraft:stone_pressure_plate":2,"minecraft:purple_terracotta":2,"minecraft:smooth_sandstone_slab":4,"minecraft:orange_bed":5,"minecraft:rotten_flesh":13,"minecraft:hay_block":1,"graveyard:tg_moss_block":1,"minecraft:white_wool":5,"minecraft:mutton":10,"forbidden_arcanus:spawner_scrap":4,"alexsmobs:lobster_tail":1,"minecraft:cobblestone":127,"minecraft:feather":1,"minecraft:leather":4,"minecraft:cut_sandstone":11,"paraglider:spirit_orb":20,"minecraft:oak_log":16,"minecraft:smooth_sandstone_stairs":5,"minecraft:dirt":94,"born_in_chaos_v1:monster_skin":2,"minecraft:orange_terracotta":1,"minecraft:bone":7,"minecraft:wheat_seeds":29,"minecraft:iron_ingot":5,"minecraft:iron_ore":22,"minecraft:soul_sand":1,"iceandfire:copper_nugget":100,"born_in_chaos_v1:ethereal_spirit":1,"minecraft:dandelion":13,"iceandfire:dragon_skull_fire":2,"minecraft:sand":18,"graveyard:moss_block":1,"minecraft:chiseled_sandstone":1,"minecraft:cut_red_sandstone":1,"alexsmobs:rattlesnake_rattle":2,"minecraft:granite":2,"minecraft:gray_wool":1,"minecraft:black_wool":1,"minecraft:coal":20,"minecraft:sunflower":1},"minecraft:crafted":{"minecraft:oak_planks":64,"minecraft:furnace":2,"minecraft:stone":2,"tombstone:grave_key":8,"minecraft:chest":1,"minecraft:cooked_beef":7,"minecraft:coal_block":2,"sophisticatedbackpacks:backpack":1,"minecraft:crafting_table":1,"minecraft:wooden_pickaxe":1,"minecraft:air":0,"vanillahammers:stone_hammer":1,"minecraft:stick":12,"minecraft:iron_ingot":17,"minecraft:wooden_axe":1,"minecraft:iron_shovel":1},"minecraft:used":{"minecraft:rose_bush":1,"minecraft:iron_shovel":41,"minecraft:iron_sword":104,"minecraft:orange_bed":4,"minecraft:dirt":41,"minecraft:mutton":4,"artifacts:umbrella":17,"minecraft:wooden_axe":57,"born_in_chaos_v1:smoked_flesh":1,"alexsmobs:lobster_tail":1,"minecraft:beef":2,"minecraft:furnace":2,"tombstone:gift":2,"minecraft:egg":6,"minecraft:cooked_beef":7,"vanillahammers:stone_hammer":22,"minecraft:wheat_seeds":3,"minecraft:smooth_sandstone_slab":1,"minecraft:wooden_pickaxe":58,"minecraft:sandstone":38,"minecraft:cut_sandstone":5,"minecraft:sand":3,"minecraft:crafting_table":2,"sophisticatedbackpacks:backpack":1,"minecraft:bread":11,"minecraft:string":2,"tombstone:grave_key":2,"minecraft:cobblestone":103,"alexsmobs:animal_dictionary":2,"minecraft:golden_pickaxe":46},"minecraft:custom":{"minecraft:mob_kills":31,"minecraft:interact_with_crafting_table":12,"minecraft:open_barrel":5,"minecraft:bell_ring":46,"minecraft:damage_dealt_resisted":212,"minecraft:leave_game":25,"minecraft:time_since_death":3696,"minecraft:sprint_one_cm":428885,"minecraft:walk_one_cm":328617,"minecraft:damage_blocked_by_shield":390,"minecraft:drop":67,"minecraft:talked_to_villager":15,"minecraft:deaths":12,"minecraft:sneak_time":286,"minecraft:walk_under_water_one_cm":6879,"minecraft:jump":2863,"minecraft:walk_on_water_one_cm":10139,"minecraft:interact_with_furnace":10,"minecraft:play_one_minute":281314,"minecraft:sleep_in_bed":8,"minecraft:time_since_rest":3443,"minecraft:damage_taken":3872,"minecraft:damage_dealt":5010,"minecraft:swim_one_cm":27148,"minecraft:fly_one_cm":725316,"minecraft:open_chest":45,"minecraft:crouch_one_cm":777,"tombstone:undead_killed":7,"minecraft:fall_one_cm":82202}},"DataVersion":2586}