{"stats":{"minecraft:dropped":{"iceandfire:copper_nugget":50},"minecraft:custom":{"minecraft:open_chest":6,"minecraft:time_since_rest":43570,"minecraft:play_one_minute":55601,"minecraft:sprint_one_cm":49672,"minecraft:damage_taken":70,"minecraft:walk_one_cm":28515,"minecraft:walk_under_water_one_cm":137,"minecraft:drop":50,"minecraft:jump":323,"minecraft:damage_dealt":83,"minecraft:leave_game":4,"minecraft:time_since_death":55601,"minecraft:walk_on_water_one_cm":1732,"minecraft:sleep_in_bed":1,"minecraft:swim_one_cm":4191,"minecraft:fall_one_cm":10224,"minecraft:fly_one_cm":82555},"minecraft:picked_up":{"minecraft:orange_bed":2,"iceandfire:dragonbone":13,"iceandfire:copper_nugget":100,"minecraft:wheat_seeds":4,"paraglider:rito_goddess_statue":1,"minecraft:dandelion":4,"iceandfire:dragon_skull_fire":2,"minecraft:dirt":6,"minecraft:egg":3},"minecraft:mined":{"minecraft:grass":24,"minecraft:grass_block":1,"minecraft:dirt":5,"iceandfire:copper_pile":6,"minecraft:tall_grass":4,"paraglider:rito_goddess_statue":1,"minecraft:dandelion":4,"minecraft:orange_bed":2},"minecraft:used":{"minecraft:orange_bed":1,"minecraft:dirt":5,"minecraft:bread":3,"minecraft:egg":3}},"DataVersion":2586}