{"stats":{"minecraft:mined":{"minecraft:cut_sandstone":2,"minecraft:stone_pressure_plate":1,"iceandfire:copper_pile":6,"minecraft:orange_terracotta":1,"paraglider:rito_goddess_statue":1,"minecraft:dandelion":13,"minecraft:grass_block":10,"minecraft:dead_bush":2,"minecraft:tall_grass":22,"minecraft:smooth_sandstone_slab":1,"minecraft:sandstone":15,"minecraft:spawner":4,"minecraft:chiseled_sandstone":1,"minecraft:grass":60,"minecraft:oak_log":10,"minecraft:sand":13,"minecraft:dirt":24,"minecraft:smooth_sandstone_stairs":1,"minecraft:stone":12,"minecraft:oak_leaves":2,"minecraft:orange_bed":2},"minecraft:custom":{"minecraft:interact_with_furnace":2,"minecraft:mob_kills":15,"minecraft:interact_with_crafting_table":5,"minecraft:play_one_minute":135431,"minecraft:leave_game":7,"minecraft:time_since_death":188,"minecraft:sleep_in_bed":3,"minecraft:time_since_rest":1,"minecraft:sprint_one_cm":166926,"minecraft:damage_taken":1710,"minecraft:walk_one_cm":139516,"minecraft:drop":50,"minecraft:damage_dealt":2132,"minecraft:swim_one_cm":12034,"minecraft:fly_one_cm":260525,"minecraft:open_chest":12,"minecraft:crouch_one_cm":272,"tombstone:undead_killed":4,"minecraft:deaths":5,"minecraft:sneak_time":61,"minecraft:walk_under_water_one_cm":2055,"minecraft:jump":1094,"minecraft:walk_on_water_one_cm":2612,"minecraft:fall_one_cm":33114},"minecraft:dropped":{"iceandfire:copper_nugget":50},"minecraft:crafted":{"minecraft:cooked_beef":1,"minecraft:oak_planks":40,"minecraft:crafting_table":1,"minecraft:wooden_pickaxe":1,"minecraft:furnace":1,"minecraft:air":0,"tombstone:grave_key":3,"minecraft:stick":4,"minecraft:wooden_axe":1,"minecraft:chest":1},"minecraft:picked_up":{"minecraft:leather":3,"minecraft:cut_sandstone":5,"paraglider:spirit_orb":16,"minecraft:oak_log":10,"minecraft:dirt":34,"minecraft:orange_terracotta":1,"minecraft:bone":1,"paraglider:rito_goddess_statue":1,"minecraft:wheat_seeds":7,"minecraft:beef":7,"minecraft:egg":6,"iceandfire:copper_nugget":100,"minecraft:sandstone":13,"iceandfire:dragonbone":13,"minecraft:dandelion":13,"iceandfire:dragon_skull_fire":2,"minecraft:sand":18,"tombstone:grave_dust":1,"minecraft:chiseled_sandstone":1,"minecraft:stone_pressure_plate":1,"minecraft:cut_red_sandstone":1,"minecraft:smooth_sandstone_slab":1,"minecraft:orange_bed":2,"minecraft:rotten_flesh":11,"alexsmobs:rattlesnake_rattle":2,"forbidden_arcanus:spawner_scrap":3,"minecraft:mutton":4,"alexsmobs:lobster_tail":1,"minecraft:white_wool":4,"minecraft:cobblestone":12},"minecraft:used":{"minecraft:smooth_sandstone_slab":1,"minecraft:wooden_pickaxe":58,"minecraft:sandstone":13,"minecraft:cut_sandstone":5,"minecraft:orange_bed":2,"minecraft:dirt":23,"minecraft:crafting_table":1,"minecraft:wooden_axe":57,"alexsmobs:lobster_tail":1,"minecraft:bread":10,"minecraft:furnace":1,"tombstone:gift":2,"alexsmobs:animal_dictionary":2,"minecraft:egg":5,"minecraft:cooked_beef":1},"minecraft:killed":{"minecraft:husk":2,"alexsmobs:lobster":1,"alexsmobs:rattlesnake":2,"minecraft:sheep":4,"minecraft:zombie":1,"undead:themoonflower":1,"minecraft:cow":4},"minecraft:broken":{"minecraft:wooden_axe":1,"minecraft:wooden_pickaxe":1},"minecraft:killed_by":{"minecraft:husk":2,"born_in_chaos_v1:bonescaller":1,"minecraft:creeper":1,"born_in_chaos_v1:dread_hound":1}},"DataVersion":2586}