{"stats":{"minecraft:crafted":{"minecraft:oak_planks":20,"minecraft:crafting_table":1,"minecraft:stick":4,"minecraft:wooden_axe":1},"minecraft:mined":{"iceandfire:copper_pile":6,"paraglider:rito_goddess_statue":1,"minecraft:dandelion":13,"minecraft:grass":41,"minecraft:grass_block":8,"minecraft:oak_log":5,"minecraft:dirt":18,"minecraft:tall_grass":14,"minecraft:oak_leaves":1,"minecraft:orange_bed":2},"minecraft:used":{"minecraft:wooden_axe":16,"minecraft:bread":4,"minecraft:orange_bed":2,"minecraft:dirt":10,"minecraft:crafting_table":1,"tombstone:gift":2,"alexsmobs:animal_dictionary":1,"minecraft:egg":5},"minecraft:picked_up":{"iceandfire:copper_nugget":100,"iceandfire:dragonbone":13,"minecraft:leather":3,"minecraft:dandelion":13,"iceandfire:dragon_skull_fire":2,"minecraft:oak_log":5,"minecraft:dirt":26,"minecraft:orange_bed":2,"minecraft:rotten_flesh":7,"paraglider:rito_goddess_statue":1,"minecraft:wheat_seeds":4,"minecraft:beef":7,"minecraft:mutton":1,"minecraft:white_wool":1,"minecraft:egg":5},"minecraft:dropped":{"iceandfire:copper_nugget":50},"minecraft:custom":{"minecraft:time_since_rest":6517,"minecraft:sprint_one_cm":81421,"minecraft:damage_taken":405,"minecraft:walk_one_cm":56503,"minecraft:mob_kills":7,"minecraft:drop":50,"minecraft:damage_dealt":973,"minecraft:swim_one_cm":4191,"minecraft:interact_with_crafting_table":1,"minecraft:fly_one_cm":144202,"minecraft:open_chest":6,"minecraft:play_one_minute":96961,"tombstone:undead_killed":2,"minecraft:deaths":1,"minecraft:walk_under_water_one_cm":137,"minecraft:jump":572,"minecraft:leave_game":5,"minecraft:walk_on_water_one_cm":1732,"minecraft:time_since_death":15933,"minecraft:sleep_in_bed":2,"minecraft:fall_one_cm":17831},"minecraft:killed":{"minecraft:sheep":1,"minecraft:zombie":1,"undead:themoonflower":1,"minecraft:cow":4},"minecraft:killed_by":{"born_in_chaos_v1:dread_hound":1}},"DataVersion":2586}