{"stats":{"minecraft:mined":{"minecraft:grass":36,"minecraft:grass_block":5,"minecraft:dirt":11,"iceandfire:copper_pile":6,"minecraft:tall_grass":8,"paraglider:rito_goddess_statue":1,"minecraft:dandelion":13,"minecraft:orange_bed":2},"minecraft:used":{"minecraft:orange_bed":2,"minecraft:dirt":10,"minecraft:bread":4,"alexsmobs:animal_dictionary":1,"minecraft:egg":5},"minecraft:picked_up":{"minecraft:orange_bed":2,"iceandfire:dragonbone":13,"iceandfire:copper_nugget":100,"minecraft:rotten_flesh":5,"minecraft:dandelion":13,"minecraft:wheat_seeds":4,"paraglider:rito_goddess_statue":1,"iceandfire:dragon_skull_fire":2,"minecraft:dirt":16,"minecraft:egg":5},"minecraft:dropped":{"iceandfire:copper_nugget":50},"minecraft:custom":{"minecraft:open_chest":6,"minecraft:time_since_rest":3175,"minecraft:damage_taken":330,"minecraft:play_one_minute":84961,"minecraft:sprint_one_cm":62703,"minecraft:walk_one_cm":44782,"tombstone:undead_killed":1,"minecraft:deaths":1,"minecraft:walk_under_water_one_cm":137,"minecraft:mob_kills":1,"minecraft:drop":50,"minecraft:jump":450,"minecraft:damage_dealt":373,"minecraft:leave_game":5,"minecraft:time_since_death":3933,"minecraft:walk_on_water_one_cm":1732,"minecraft:sleep_in_bed":1,"minecraft:swim_one_cm":4191,"minecraft:fly_one_cm":108839,"minecraft:fall_one_cm":14011},"minecraft:killed":{"undead:themoonflower":1},"minecraft:killed_by":{"born_in_chaos_v1:dread_hound":1}},"DataVersion":2586}