{"stats":{"minecraft:mined":{"iceandfire:copper_pile":6,"minecraft:grass":6,"paraglider:rito_goddess_statue":1,"minecraft:orange_bed":1},"minecraft:picked_up":{"minecraft:orange_bed":1,"iceandfire:copper_nugget":50,"minecraft:wheat_seeds":1,"paraglider:rito_goddess_statue":1},"minecraft:custom":{"minecraft:jump":46,"minecraft:open_chest":3,"minecraft:time_since_rest":5423,"minecraft:play_one_minute":5423,"minecraft:sprint_one_cm":11894,"minecraft:time_since_death":5423,"minecraft:walk_one_cm":8757,"minecraft:fall_one_cm":1103,"minecraft:fly_one_cm":13421}},"DataVersion":2586}