{"stats":{"minecraft:dropped":{"iceandfire:copper_nugget":50},"minecraft:killed":{"undead:themoonflower":1},"minecraft:killed_by":{"born_in_chaos_v1:dread_hound":1},"minecraft:custom":{"minecraft:deaths":1,"minecraft:open_chest":6,"minecraft:time_since_rest":460,"minecraft:play_one_minute":82246,"minecraft:sprint_one_cm":61105,"tombstone:undead_killed":1,"minecraft:damage_taken":330,"minecraft:walk_one_cm":39888,"minecraft:walk_under_water_one_cm":137,"minecraft:mob_kills":1,"minecraft:drop":50,"minecraft:jump":428,"minecraft:damage_dealt":373,"minecraft:leave_game":5,"minecraft:time_since_death":1218,"minecraft:walk_on_water_one_cm":1732,"minecraft:sleep_in_bed":1,"minecraft:swim_one_cm":4191,"minecraft:fall_one_cm":13593,"minecraft:fly_one_cm":107932},"minecraft:picked_up":{"minecraft:orange_bed":2,"iceandfire:dragonbone":13,"iceandfire:copper_nugget":100,"minecraft:rotten_flesh":5,"minecraft:wheat_seeds":4,"paraglider:rito_goddess_statue":1,"minecraft:dandelion":13,"iceandfire:dragon_skull_fire":2,"minecraft:dirt":16,"minecraft:egg":4},"minecraft:mined":{"minecraft:grass":34,"minecraft:grass_block":5,"minecraft:dirt":11,"iceandfire:copper_pile":6,"minecraft:tall_grass":8,"paraglider:rito_goddess_statue":1,"minecraft:dandelion":13,"minecraft:orange_bed":2},"minecraft:used":{"minecraft:orange_bed":2,"minecraft:dirt":10,"minecraft:bread":4,"alexsmobs:animal_dictionary":1,"minecraft:egg":4}},"DataVersion":2586}