{"stats":{"minecraft:custom":{"minecraft:time_since_rest":8935,"minecraft:open_chest":6,"minecraft:play_one_minute":20966,"minecraft:sprint_one_cm":49672,"minecraft:damage_taken":70,"minecraft:walk_one_cm":28401,"minecraft:walk_under_water_one_cm":137,"minecraft:jump":308,"minecraft:damage_dealt":83,"minecraft:leave_game":3,"minecraft:time_since_death":20966,"minecraft:walk_on_water_one_cm":1732,"minecraft:sleep_in_bed":1,"minecraft:swim_one_cm":4191,"minecraft:fall_one_cm":10224,"minecraft:fly_one_cm":82555},"minecraft:picked_up":{"minecraft:orange_bed":2,"iceandfire:copper_nugget":50,"iceandfire:dragonbone":13,"minecraft:wheat_seeds":4,"paraglider:rito_goddess_statue":1,"minecraft:dandelion":4,"iceandfire:dragon_skull_fire":2,"minecraft:dirt":3,"minecraft:egg":3},"minecraft:used":{"minecraft:orange_bed":1,"minecraft:dirt":2,"minecraft:bread":3,"minecraft:egg":3},"minecraft:mined":{"minecraft:grass_block":1,"minecraft:grass":24,"minecraft:dirt":2,"iceandfire:copper_pile":6,"minecraft:tall_grass":4,"paraglider:rito_goddess_statue":1,"minecraft:dandelion":4,"minecraft:orange_bed":2}},"DataVersion":2586}