{"stats":{"minecraft:killed":{"minecraft:husk":2,"alexsmobs:lobster":1,"born_in_chaos_v1:restless_spirit":1,"minecraft:spider":1,"alexsmobs:rattlesnake":2,"born_in_chaos_v1:decrepit_skeleton":1,"minecraft:sheep":4,"minecraft:skeleton":1,"minecraft:zombie":1,"alexsmobs:gazelle":1,"undead:themoonflower":1,"minecraft:cow":5},"minecraft:broken":{"minecraft:golden_pickaxe":1,"minecraft:wooden_axe":1,"minecraft:wooden_pickaxe":1},"minecraft:killed_by":{"minecraft:husk":2,"born_in_chaos_v1:bonescaller":1,"undead:thesnatcher":1,"minecraft:creeper":1,"born_in_chaos_v1:dread_hound":3,"minecraft:vex":2},"minecraft:mined":{"minecraft:cut_sandstone":8,"minecraft:stone_pressure_plate":2,"minecraft:soul_sand":1,"iceandfire:copper_pile":6,"minecraft:orange_terracotta":1,"paraglider:rito_goddess_statue":1,"minecraft:dandelion":13,"minecraft:oak_wood":1,"minecraft:grass_block":12,"minecraft:dead_bush":2,"minecraft:rose_bush":1,"minecraft:soul_soil":1,"minecraft:tall_grass":32,"minecraft:smooth_sandstone_slab":5,"minecraft:diorite":7,"minecraft:sandstone":26,"minecraft:spawner":5,"minecraft:hay_block":1,"graveyard:tg_moss_block":1,"minecraft:iron_ore":15,"minecraft:wheat":4,"minecraft:chiseled_sandstone":1,"minecraft:tnt":4,"minecraft:grass_path":1,"minecraft:grass":94,"minecraft:oak_log":16,"minecraft:coal_ore":20,"minecraft:sunflower":1,"minecraft:sand":13,"minecraft:dirt":26,"minecraft:smooth_sandstone_stairs":7,"minecraft:stone":54,"sophisticatedbackpacks:backpack":1,"minecraft:tripwire":1,"minecraft:oak_leaves":4,"minecraft:orange_bed":3},"minecraft:dropped":{"minecraft:purple_terracotta":2,"minecraft:wheat_seeds":2,"iceandfire:copper_nugget":50,"minecraft:stone_pressure_plate":1},"minecraft:custom":{"minecraft:interact_with_furnace":5,"minecraft:mob_kills":21,"minecraft:interact_with_crafting_table":9,"minecraft:open_barrel":5,"minecraft:play_one_minute":201839,"minecraft:bell_ring":46,"minecraft:damage_dealt_resisted":212,"minecraft:leave_game":10,"minecraft:time_since_death":4311,"minecraft:sleep_in_bed":6,"minecraft:time_since_rest":3899,"minecraft:sprint_one_cm":302026,"minecraft:damage_taken":3124,"minecraft:walk_one_cm":265453,"minecraft:damage_blocked_by_shield":390,"minecraft:drop":55,"minecraft:damage_dealt":3793,"minecraft:swim_one_cm":23659,"minecraft:talked_to_villager":1,"minecraft:fly_one_cm":480423,"minecraft:open_chest":44,"minecraft:crouch_one_cm":404,"tombstone:undead_killed":6,"minecraft:deaths":10,"minecraft:sneak_time":141,"minecraft:walk_under_water_one_cm":2645,"minecraft:jump":1956,"minecraft:walk_on_water_one_cm":6404,"minecraft:fall_one_cm":56293},"minecraft:crafted":{"minecraft:cooked_beef":7,"minecraft:oak_planks":64,"sophisticatedbackpacks:backpack":1,"minecraft:crafting_table":1,"minecraft:wooden_pickaxe":1,"minecraft:furnace":1,"minecraft:stone":2,"minecraft:air":0,"vanillahammers:stone_hammer":1,"tombstone:grave_key":8,"minecraft:stick":8,"minecraft:wooden_axe":1,"minecraft:chest":1},"minecraft:used":{"vanillahammers:stone_hammer":10,"minecraft:wheat_seeds":3,"minecraft:rose_bush":1,"minecraft:smooth_sandstone_slab":1,"minecraft:wooden_pickaxe":58,"minecraft:sandstone":38,"minecraft:cut_sandstone":5,"minecraft:iron_sword":49,"minecraft:orange_bed":3,"minecraft:sand":3,"minecraft:mutton":4,"minecraft:dirt":26,"artifacts:umbrella":17,"minecraft:crafting_table":1,"born_in_chaos_v1:smoked_flesh":1,"minecraft:wooden_axe":57,"sophisticatedbackpacks:backpack":1,"alexsmobs:lobster_tail":1,"minecraft:string":2,"minecraft:bread":10,"tombstone:grave_key":1,"minecraft:cobblestone":4,"minecraft:beef":2,"minecraft:furnace":1,"tombstone:gift":2,"alexsmobs:animal_dictionary":2,"minecraft:egg":5,"minecraft:cooked_beef":1,"minecraft:golden_pickaxe":46},"minecraft:picked_up":{"minecraft:cut_sandstone":11,"minecraft:leather":4,"paraglider:spirit_orb":20,"minecraft:smooth_sandstone_stairs":5,"minecraft:oak_log":16,"minecraft:dirt":39,"minecraft:string":3,"minecraft:soul_soil":1,"minecraft:orange_terracotta":1,"minecraft:bone":4,"minecraft:wheat_seeds":13,"paraglider:rito_goddess_statue":1,"minecraft:beef":9,"minecraft:iron_ore":12,"minecraft:rose_bush":1,"minecraft:soul_sand":1,"minecraft:phantom_membrane":1,"minecraft:egg":6,"iceandfire:copper_nugget":100,"minecraft:sandstone":33,"iceandfire:dragonbone":13,"born_in_chaos_v1:ethereal_spirit":1,"minecraft:dandelion":13,"sophisticatedbackpacks:backpack":1,"iceandfire:dragon_skull_fire":2,"minecraft:sand":18,"tombstone:grave_dust":3,"minecraft:diorite":7,"minecraft:chiseled_sandstone":1,"minecraft:stone_pressure_plate":2,"minecraft:purple_terracotta":2,"minecraft:cut_red_sandstone":1,"minecraft:smooth_sandstone_slab":4,"minecraft:orange_bed":4,"minecraft:rotten_flesh":13,"minecraft:hay_block":1,"alexsmobs:rattlesnake_rattle":2,"minecraft:mutton":4,"forbidden_arcanus:spawner_scrap":4,"minecraft:coal":20,"alexsmobs:lobster_tail":1,"minecraft:white_wool":4,"minecraft:cobblestone":50,"minecraft:sunflower":1}},"DataVersion":2586}