{"stats":{"minecraft:killed":{"alexsmobs:lobster":1,"minecraft:husk":2,"born_in_chaos_v1:restless_spirit":1,"alexsmobs:rattlesnake":2,"minecraft:sheep":4,"minecraft:zombie":1,"alexsmobs:gazelle":1,"undead:themoonflower":1,"minecraft:cow":5},"minecraft:broken":{"minecraft:golden_pickaxe":1,"minecraft:wooden_axe":1,"minecraft:wooden_pickaxe":1},"minecraft:mined":{"minecraft:cut_sandstone":8,"minecraft:stone_pressure_plate":2,"minecraft:soul_sand":1,"iceandfire:copper_pile":6,"minecraft:orange_terracotta":1,"paraglider:rito_goddess_statue":1,"minecraft:dandelion":13,"minecraft:oak_wood":1,"minecraft:grass_block":12,"minecraft:rose_bush":1,"minecraft:dead_bush":2,"minecraft:soul_soil":1,"minecraft:tall_grass":32,"minecraft:sandstone":26,"minecraft:smooth_sandstone_slab":5,"minecraft:spawner":5,"minecraft:hay_block":1,"graveyard:tg_moss_block":1,"minecraft:wheat":4,"minecraft:chiseled_sandstone":1,"minecraft:tnt":4,"minecraft:grass_path":1,"minecraft:grass":94,"minecraft:oak_log":16,"minecraft:sunflower":1,"minecraft:sand":13,"minecraft:dirt":26,"minecraft:smooth_sandstone_stairs":7,"minecraft:stone":15,"sophisticatedbackpacks:backpack":1,"minecraft:tripwire":1,"minecraft:oak_leaves":4,"minecraft:orange_bed":3},"minecraft:killed_by":{"minecraft:husk":2,"undead:thesnatcher":1,"born_in_chaos_v1:bonescaller":1,"minecraft:creeper":1,"born_in_chaos_v1:dread_hound":3},"minecraft:dropped":{"minecraft:purple_terracotta":2,"minecraft:wheat_seeds":2,"iceandfire:copper_nugget":50,"minecraft:stone_pressure_plate":1},"minecraft:custom":{"minecraft:interact_with_furnace":2,"minecraft:mob_kills":18,"minecraft:interact_with_crafting_table":7,"minecraft:open_barrel":5,"minecraft:play_one_minute":194466,"minecraft:bell_ring":46,"minecraft:leave_game":7,"minecraft:time_since_death":2215,"minecraft:sleep_in_bed":6,"minecraft:time_since_rest":1381,"minecraft:sprint_one_cm":293732,"minecraft:damage_taken":2456,"minecraft:walk_one_cm":242822,"minecraft:damage_blocked_by_shield":390,"minecraft:drop":55,"minecraft:damage_dealt":2839,"minecraft:swim_one_cm":23659,"minecraft:talked_to_villager":1,"minecraft:fly_one_cm":466672,"minecraft:open_chest":40,"minecraft:crouch_one_cm":404,"tombstone:undead_killed":4,"minecraft:deaths":8,"minecraft:sneak_time":141,"minecraft:walk_under_water_one_cm":2645,"minecraft:jump":1860,"minecraft:walk_on_water_one_cm":6404,"minecraft:fall_one_cm":52767},"minecraft:crafted":{"minecraft:cooked_beef":1,"minecraft:oak_planks":40,"sophisticatedbackpacks:backpack":1,"minecraft:crafting_table":1,"minecraft:wooden_pickaxe":1,"minecraft:furnace":1,"minecraft:air":0,"tombstone:grave_key":6,"minecraft:stick":4,"minecraft:wooden_axe":1,"minecraft:chest":1},"minecraft:used":{"minecraft:wheat_seeds":3,"minecraft:rose_bush":1,"minecraft:smooth_sandstone_slab":1,"minecraft:wooden_pickaxe":58,"minecraft:sandstone":38,"minecraft:cut_sandstone":5,"minecraft:orange_bed":3,"minecraft:mutton":4,"minecraft:dirt":26,"minecraft:sand":3,"artifacts:umbrella":17,"minecraft:crafting_table":1,"born_in_chaos_v1:smoked_flesh":1,"minecraft:wooden_axe":57,"sophisticatedbackpacks:backpack":1,"alexsmobs:lobster_tail":1,"minecraft:string":2,"minecraft:bread":10,"tombstone:grave_key":1,"minecraft:beef":2,"minecraft:furnace":1,"tombstone:gift":2,"alexsmobs:animal_dictionary":2,"minecraft:egg":5,"minecraft:cooked_beef":1,"minecraft:golden_pickaxe":46},"minecraft:picked_up":{"minecraft:cut_sandstone":11,"minecraft:leather":4,"paraglider:spirit_orb":20,"minecraft:smooth_sandstone_stairs":5,"minecraft:oak_log":16,"minecraft:string":1,"minecraft:dirt":39,"minecraft:soul_soil":1,"minecraft:orange_terracotta":1,"minecraft:bone":1,"minecraft:wheat_seeds":13,"paraglider:rito_goddess_statue":1,"minecraft:beef":9,"minecraft:rose_bush":1,"minecraft:soul_sand":1,"minecraft:phantom_membrane":1,"minecraft:egg":6,"iceandfire:copper_nugget":100,"minecraft:sandstone":33,"iceandfire:dragonbone":13,"minecraft:dandelion":13,"born_in_chaos_v1:ethereal_spirit":1,"sophisticatedbackpacks:backpack":1,"iceandfire:dragon_skull_fire":2,"minecraft:sand":18,"tombstone:grave_dust":1,"minecraft:chiseled_sandstone":1,"minecraft:purple_terracotta":2,"minecraft:stone_pressure_plate":2,"minecraft:cut_red_sandstone":1,"minecraft:smooth_sandstone_slab":4,"minecraft:orange_bed":4,"minecraft:rotten_flesh":11,"minecraft:hay_block":1,"alexsmobs:rattlesnake_rattle":2,"alexsmobs:lobster_tail":1,"minecraft:mutton":4,"forbidden_arcanus:spawner_scrap":4,"minecraft:white_wool":4,"minecraft:cobblestone":15,"minecraft:sunflower":1}},"DataVersion":2586}